"","NDVI","Dates","Legend"
"1",0.6026,2002-07-04,"NDVI"
"2",0.5945,2002-07-12,"NDVI"
"3",0.6228,2002-07-20,"NDVI"
"4",0.6588,2002-07-28,"NDVI"
"5",0.6686,2002-08-05,"NDVI"
"6",0.6478,2002-08-13,"NDVI"
"7",0.9064,2002-08-21,"NDVI"
"8",0.8292,2002-08-29,"NDVI"
"9",0.8393,2002-09-06,"NDVI"
"10",0.7515,2002-09-14,"NDVI"
"11",0.6309,2002-09-22,"NDVI"
"12",0.4128,2002-09-30,"NDVI"
"13",0.508,2002-10-08,"NDVI"
"14",0.1704,2002-10-16,"NDVI"
"15",0.1483,2002-10-24,"NDVI"
"16",0.1704,2002-11-01,"NDVI"
"17",0.2087,2002-11-09,"NDVI"
"18",0.4022,2002-11-17,"NDVI"
"19",0.5335,2002-11-25,"NDVI"
"20",0.5613,2002-12-03,"NDVI"
"21",0.6564,2002-12-11,"NDVI"
"22",0.774,2002-12-19,"NDVI"
"23",0.8168,2002-12-27,"NDVI"
"24",0.4789,2003-01-01,"NDVI"
"25",0.832,2003-01-09,"NDVI"
"26",0.7867,2003-01-17,"NDVI"
"27",0.8666,2003-01-25,"NDVI"
"28",0.828,2003-02-02,"NDVI"
"29",0.8041,2003-02-10,"NDVI"
"30",0.7836,2003-02-18,"NDVI"
"31",0.7365,2003-02-26,"NDVI"
"32",0.6346,2003-03-06,"NDVI"
"33",0.5964,2003-03-14,"NDVI"
"34",0.3054,2003-03-22,"NDVI"
"35",0.2172,2003-03-30,"NDVI"
"36",0.2192,2003-04-07,"NDVI"
"37",0.2218,2003-04-15,"NDVI"
"38",0.2069,2003-04-23,"NDVI"
"39",0.1817,2003-05-01,"NDVI"
"40",0.1479,2003-05-09,"NDVI"
"41",0.1585,2003-05-17,"NDVI"
"42",0.195,2003-05-25,"NDVI"
"43",0.1764,2003-06-02,"NDVI"
"44",0.1908,2003-06-10,"NDVI"
"45",0.296,2003-06-18,"NDVI"
"46",0.2666,2003-06-26,"NDVI"
"47",0.7699,2003-07-04,"NDVI"
"48",0.7554,2003-07-12,"NDVI"
"49",0.1146,2003-07-20,"NDVI"
"50",0.8223,2003-07-28,"NDVI"
"51",0.8233,2003-08-05,"NDVI"
"52",0.7676,2003-08-13,"NDVI"
"53",0.8493,2003-08-21,"NDVI"
"54",0.76,2003-08-29,"NDVI"
"55",0.8503,2003-09-06,"NDVI"
"56",0.7165,2003-09-14,"NDVI"
"57",0.676,2003-09-22,"NDVI"
"58",0.4662,2003-09-30,"NDVI"
"59",0.4478,2003-10-08,"NDVI"
"60",0.4069,2003-10-16,"NDVI"
"61",0.2261,2003-10-24,"NDVI"
"62",0.179,2003-11-01,"NDVI"
"63",0.1604,2003-11-09,"NDVI"
"64",0.2854,2003-11-17,"NDVI"
"65",0.3196,2003-11-25,"NDVI"
"66",0.5749,2003-12-03,"NDVI"
"67",0.5541,2003-12-11,"NDVI"
"68",0.8309,2003-12-19,"NDVI"
"69",0.8146,2003-12-27,"NDVI"
"70",0.8309,2004-01-01,"NDVI"
"71",0.8146,2004-01-09,"NDVI"
"72",0.7109,2004-01-17,"NDVI"
"73",0.8704,2004-01-25,"NDVI"
"74",0.8569,2004-02-02,"NDVI"
"75",0.8698,2004-02-10,"NDVI"
"76",0.7951,2004-02-18,"NDVI"
"77",0.7522,2004-02-26,"NDVI"
"78",0.5818,2004-03-05,"NDVI"
"79",0.3861,2004-03-13,"NDVI"
"80",0.4074,2004-03-21,"NDVI"
"81",0.2874,2004-03-29,"NDVI"
"82",0.2189,2004-04-06,"NDVI"
"83",0.2178,2004-04-14,"NDVI"
"84",0.2445,2004-04-22,"NDVI"
"85",0.2485,2004-04-30,"NDVI"
"86",0.2773,2004-05-08,"NDVI"
"87",0.1816,2004-05-16,"NDVI"
"88",0.1735,2004-05-24,"NDVI"
"89",0.1636,2004-06-01,"NDVI"
"90",0.1876,2004-06-09,"NDVI"
"91",0.1663,2004-06-17,"NDVI"
"92",0.3273,2004-06-25,"NDVI"
"93",0.4698,2004-07-03,"NDVI"
"94",0.4918,2004-07-11,"NDVI"
"95",0.6459,2004-07-19,"NDVI"
"96",0.7855,2004-07-27,"NDVI"
"97",0.8077,2004-08-04,"NDVI"
"98",0.7687,2004-08-12,"NDVI"
"99",0.8538,2004-08-20,"NDVI"
"100",0.7685,2004-08-28,"NDVI"
"101",0.7839,2004-09-05,"NDVI"
"102",0.6911,2004-09-13,"NDVI"
"103",0.7126,2004-09-21,"NDVI"
"104",0.6385,2004-09-29,"NDVI"
"105",0.5238,2004-10-07,"NDVI"
"106",0.3132,2004-10-15,"NDVI"
"107",0.183,2004-10-23,"NDVI"
"108",0.1616,2004-10-31,"NDVI"
"109",0.1445,2004-11-08,"NDVI"
"110",0.196,2004-11-16,"NDVI"
"111",0.4931,2004-11-24,"NDVI"
"112",0.6082,2004-12-02,"NDVI"
"113",0.6807,2004-12-10,"NDVI"
"114",0.8054,2004-12-18,"NDVI"
"115",0.8586,2004-12-26,"NDVI"
"116",0.8585,2005-01-01,"NDVI"
"117",0.8586,2005-01-09,"NDVI"
"118",0.7494,2005-01-17,"NDVI"
"119",0.7784,2005-01-25,"NDVI"
"120",0.8198,2005-02-02,"NDVI"
"121",0.8375,2005-02-10,"NDVI"
"122",0.7861,2005-02-18,"NDVI"
"123",0.7928,2005-02-26,"NDVI"
"124",0.7796,2005-03-06,"NDVI"
"125",0.5191,2005-03-14,"NDVI"
"126",0.4079,2005-03-22,"NDVI"
"127",0.3337,2005-03-30,"NDVI"
"128",0.2256,2005-04-07,"NDVI"
"129",0.2331,2005-04-15,"NDVI"
"130",0.22,2005-04-23,"NDVI"
"131",0.2143,2005-05-01,"NDVI"
"132",0.1798,2005-05-09,"NDVI"
"133",0.1725,2005-05-17,"NDVI"
"134",0.1824,2005-05-25,"NDVI"
"135",0.1502,2005-06-02,"NDVI"
"136",0.2251,2005-06-10,"NDVI"
"137",0.2154,2005-06-18,"NDVI"
"138",0.2979,2005-06-26,"NDVI"
"139",0.402,2005-07-04,"NDVI"
"140",0.4923,2005-07-12,"NDVI"
"141",0.575,2005-07-20,"NDVI"
"142",0.7881,2005-07-28,"NDVI"
"143",0.7525,2005-08-05,"NDVI"
"144",0.7201,2005-08-13,"NDVI"
"145",0.81,2005-08-21,"NDVI"
"146",0.8114,2005-08-29,"NDVI"
"147",0.8479,2005-09-06,"NDVI"
"148",0.7394,2005-09-14,"NDVI"
"149",0.6764,2005-09-22,"NDVI"
"150",0.5543,2005-09-30,"NDVI"
"151",0.544,2005-10-08,"NDVI"
"152",0.3044,2005-10-16,"NDVI"
"153",0.1278,2005-10-24,"NDVI"
"154",0.1518,2005-11-01,"NDVI"
"155",0.1662,2005-11-09,"NDVI"
"156",0.2506,2005-11-17,"NDVI"
"157",0.2815,2005-11-25,"NDVI"
"158",0.4953,2005-12-03,"NDVI"
"159",0.4652,2005-12-11,"NDVI"
"160",0.7379,2005-12-19,"NDVI"
"161",0.7134,2005-12-27,"NDVI"
"162",0.7379,2006-01-01,"NDVI"
"163",0.8184,2006-01-09,"NDVI"
"164",0.7888,2006-01-17,"NDVI"
"165",0.8306,2006-01-25,"NDVI"
"166",0.8472,2006-02-02,"NDVI"
"167",0.8233,2006-02-10,"NDVI"
"168",0.8353,2006-02-18,"NDVI"
"169",0.8004,2006-02-26,"NDVI"
"170",0.717,2006-03-06,"NDVI"
"171",0.6707,2006-03-14,"NDVI"
"172",0.6401,2006-03-22,"NDVI"
"173",0.4313,2006-03-30,"NDVI"
"174",0.2786,2006-04-07,"NDVI"
"175",0.2036,2006-04-15,"NDVI"
"176",0.206,2006-04-23,"NDVI"
"177",0.2044,2006-05-01,"NDVI"
"178",0.1445,2006-05-09,"NDVI"
"179",0.1562,2006-05-17,"NDVI"
"180",0.1843,2006-05-25,"NDVI"
"181",0.2181,2006-06-02,"NDVI"
"182",0.1664,2006-06-10,"NDVI"
"183",0.1928,2006-06-18,"NDVI"
"184",0.5308,2006-06-26,"NDVI"
"185",0.5529,2006-07-04,"NDVI"
"186",0.5091,2006-07-12,"NDVI"
"187",0.8237,2006-07-20,"NDVI"
"188",0.8796,2006-07-28,"NDVI"
"189",0.8019,2006-08-05,"NDVI"
"190",0.8705,2006-08-13,"NDVI"
"191",0.8193,2006-08-21,"NDVI"
"192",0.8664,2006-08-29,"NDVI"
"193",0.7953,2006-09-06,"NDVI"
"194",0.7323,2006-09-14,"NDVI"
"195",0.7026,2006-09-22,"NDVI"
"196",0.6992,2006-09-30,"NDVI"
"197",0.4188,2006-10-08,"NDVI"
"198",0.4835,2006-10-16,"NDVI"
"199",0.1558,2006-10-24,"NDVI"
"200",0.136,2006-11-01,"NDVI"
"201",0.2958,2006-11-09,"NDVI"
"202",0.3051,2006-11-17,"NDVI"
"203",0.339,2006-11-25,"NDVI"
"204",0.7223,2006-12-03,"NDVI"
"205",0.7458,2006-12-11,"NDVI"
"206",0.8159,2006-12-19,"NDVI"
"207",0.8152,2006-12-27,"NDVI"
"208",0.8159,2007-01-01,"NDVI"
"209",0.7767,2007-01-09,"NDVI"
"210",0.8365,2007-01-17,"NDVI"
"211",0.8,2007-01-25,"NDVI"
"212",0.8657,2007-02-02,"NDVI"
"213",0.8159,2007-02-10,"NDVI"
"214",0.8328,2007-02-18,"NDVI"
"215",0.7371,2007-02-26,"NDVI"
"216",0.8121,2007-03-06,"NDVI"
"217",0.6494,2007-03-14,"NDVI"
"218",0.6016,2007-03-22,"NDVI"
"219",0.2599,2007-03-30,"NDVI"
"220",0.2475,2007-04-07,"NDVI"
"221",0.2285,2007-04-15,"NDVI"
"222",0.2305,2007-04-23,"NDVI"
"223",0.2221,2007-05-01,"NDVI"
"224",0.2138,2007-05-09,"NDVI"
"225",0.2331,2007-05-17,"NDVI"
"226",0.1972,2007-05-25,"NDVI"
"227",0.2038,2007-06-02,"NDVI"
"228",0.2693,2007-06-10,"NDVI"
"229",0.1543,2007-06-18,"NDVI"
"230",0.5365,2007-06-26,"NDVI"
"231",0.5027,2007-07-04,"NDVI"
"232",0.6309,2007-07-12,"NDVI"
"233",0.7553,2007-07-20,"NDVI"
"234",0.8551,2007-07-28,"NDVI"
"235",0.7223,2007-08-05,"NDVI"
"236",0.819,2007-08-13,"NDVI"
"237",0.8585,2007-08-21,"NDVI"
"238",0.7488,2007-08-29,"NDVI"
"239",0.8249,2007-09-06,"NDVI"
"240",0.7913,2007-09-14,"NDVI"
"241",0.6979,2007-09-22,"NDVI"
"242",0.6772,2007-09-30,"NDVI"
"243",0.5725,2007-10-08,"NDVI"
"244",0.2804,2007-10-16,"NDVI"
"245",0.186,2007-10-24,"NDVI"
"246",0.1782,2007-11-01,"NDVI"
"247",0.2008,2007-11-09,"NDVI"
"248",0.1979,2007-11-17,"NDVI"
"249",0.3105,2007-11-25,"NDVI"
"250",0.6615,2007-12-03,"NDVI"
"251",0.626,2007-12-11,"NDVI"
"252",0.7511,2007-12-19,"NDVI"
"253",0.7632,2007-12-27,"NDVI"
"254",0.7511,2008-01-01,"NDVI"
"255",0.812,2008-01-09,"NDVI"
"256",0.8034,2008-01-17,"NDVI"
"257",0.8336,2008-01-25,"NDVI"
"258",0.8185,2008-02-02,"NDVI"
"259",0.8152,2008-02-10,"NDVI"
"260",0.8,2008-02-18,"NDVI"
"261",0.8286,2008-02-26,"NDVI"
"262",0.7077,2008-03-05,"NDVI"
"263",0.5733,2008-03-13,"NDVI"
"264",0.5558,2008-03-21,"NDVI"
"265",0.2543,2008-03-29,"NDVI"
"266",0.2258,2008-04-06,"NDVI"
"267",0.1909,2008-04-14,"NDVI"
"268",0.1888,2008-04-22,"NDVI"
"269",0.188,2008-04-30,"NDVI"
"270",0.1521,2008-05-08,"NDVI"
"271",0.134,2008-05-16,"NDVI"
"272",0.1469,2008-05-24,"NDVI"
"273",0.1419,2008-06-01,"NDVI"
"274",0.1958,2008-06-09,"NDVI"
"275",0.1038,2008-06-17,"NDVI"
"276",0.2647,2008-06-25,"NDVI"
"277",0.4667,2008-07-03,"NDVI"
"278",0.2961,2008-07-11,"NDVI"
"279",0.601,2008-07-19,"NDVI"
"280",0.1392,2008-07-27,"NDVI"
"281",0.7602,2008-08-04,"NDVI"
"282",0.7897,2008-08-12,"NDVI"
"283",0.8323,2008-08-20,"NDVI"
"284",0.8236,2008-08-28,"NDVI"
"285",0.8,2008-09-05,"NDVI"
"286",0.713,2008-09-13,"NDVI"
"287",0.7494,2008-09-21,"NDVI"
"288",0.5146,2008-09-29,"NDVI"
"289",0.3359,2008-10-07,"NDVI"
"290",0.2898,2008-10-15,"NDVI"
"291",0.1843,2008-10-23,"NDVI"
"292",0.1671,2008-10-31,"NDVI"
"293",0.1973,2008-11-08,"NDVI"
"294",0.2095,2008-11-16,"NDVI"
"295",0.395,2008-11-24,"NDVI"
"296",0.7247,2008-12-02,"NDVI"
"297",0.7865,2008-12-10,"NDVI"
"298",0.7504,2008-12-18,"NDVI"
"299",0.8378,2008-12-26,"NDVI"
"300",0.8087,2009-01-01,"NDVI"
"301",0.8378,2009-01-09,"NDVI"
"302",0.8579,2009-01-17,"NDVI"
"303",0.8616,2009-01-25,"NDVI"
"304",0.8507,2009-02-02,"NDVI"
"305",0.7985,2009-02-10,"NDVI"
"306",0.7641,2009-02-18,"NDVI"
"307",0.6868,2009-02-26,"NDVI"
"308",0.6452,2009-03-06,"NDVI"
"309",0.5037,2009-03-14,"NDVI"
"310",0.2823,2009-03-22,"NDVI"
"311",0.2084,2009-03-30,"NDVI"
"312",0.209,2009-04-07,"NDVI"
"313",0.1886,2009-04-15,"NDVI"
"314",0.1963,2009-04-23,"NDVI"
"315",0.1814,2009-05-01,"NDVI"
"316",0.1825,2009-05-09,"NDVI"
"317",0.1493,2009-05-17,"NDVI"
"318",0.1455,2009-05-25,"NDVI"
"319",0.1661,2009-06-02,"NDVI"
"320",0.1626,2009-06-10,"NDVI"
"321",0.1594,2009-06-18,"NDVI"
"322",0.2041,2009-06-26,"NDVI"
"323",0.2489,2009-07-04,"NDVI"
"324",0.8422,2009-07-12,"NDVI"
"325",0.6798,2009-07-20,"NDVI"
"326",0.7351,2009-07-28,"NDVI"
"327",0.8448,2009-08-05,"NDVI"
"328",0.8228,2009-08-13,"NDVI"
"329",0.8452,2009-08-21,"NDVI"
"330",0.8583,2009-08-29,"NDVI"
"331",0.8623,2009-09-06,"NDVI"
"332",0.7454,2009-09-14,"NDVI"
"333",0.7078,2009-09-22,"NDVI"
"334",0.6618,2009-09-30,"NDVI"
"335",0.5752,2009-10-08,"NDVI"
"336",0.368,2009-10-16,"NDVI"
"337",0.0212,2009-10-24,"NDVI"
"338",0.1973,2009-11-01,"NDVI"
"339",0.1604,2009-11-09,"NDVI"
"340",0.1735,2009-11-17,"NDVI"
"341",0.2758,2009-11-25,"NDVI"
"342",0.2585,2009-12-03,"NDVI"
"343",0.4433,2009-12-11,"NDVI"
"344",0.5262,2009-12-19,"NDVI"
"345",0.5863,2009-12-27,"NDVI"
"346",0.7858,2010-01-01,"NDVI"
"347",0.7454,2010-01-09,"NDVI"
"348",0.8643,2010-01-17,"NDVI"
"349",0.8309,2010-01-25,"NDVI"
"350",0.8439,2010-02-02,"NDVI"
"351",0.8711,2010-02-10,"NDVI"
"352",0.862,2010-02-18,"NDVI"
"353",0.843,2010-02-26,"NDVI"
"354",0.8444,2010-03-06,"NDVI"
"355",0.6227,2010-03-14,"NDVI"
"356",0.3609,2010-03-22,"NDVI"
"357",0.3741,2010-03-30,"NDVI"
"358",0.2442,2010-04-07,"NDVI"
"359",0.196,2010-04-15,"NDVI"
"360",0.1893,2010-04-23,"NDVI"
"361",0.1535,2010-05-01,"NDVI"
"362",0.1373,2010-05-09,"NDVI"
"363",0.1295,2010-05-17,"NDVI"
"364",0.1476,2010-05-25,"NDVI"
"365",0.1638,2010-06-02,"NDVI"
"366",0.1841,2010-06-10,"NDVI"
"367",0.1553,2010-06-18,"NDVI"
"368",0.1862,2010-06-26,"NDVI"
"369",0.4207,2010-07-04,"NDVI"
"370",0.2883,2010-07-12,"NDVI"
"371",0.6134,2010-07-28,"NDVI"
"372",0.3726,2010-08-05,"NDVI"
"373",0.8958,2010-08-13,"NDVI"
"374",0.8667,2010-08-21,"NDVI"
"375",0.7838,2010-08-29,"NDVI"
"376",0.8321,2010-09-06,"NDVI"
"377",0.7593,2010-09-14,"NDVI"
"378",0.6969,2010-09-22,"NDVI"
"379",0.5497,2010-09-30,"NDVI"
"380",0.6202,2010-10-08,"NDVI"
"381",0.3009,2010-10-16,"NDVI"
"382",0.3729,2010-10-24,"NDVI"
"383",0.2456,2010-11-01,"NDVI"
"384",0.1907,2010-11-09,"NDVI"
"385",0.2622,2010-11-17,"NDVI"
"386",0.2792,2010-11-25,"NDVI"
"387",0.5908,2010-12-03,"NDVI"
"388",0.5799,2010-12-11,"NDVI"
"389",0.6387,2010-12-19,"NDVI"
"390",0.7869,2010-12-27,"NDVI"
"391",0.7457,2011-01-01,"NDVI"
"392",0.8334,2011-01-09,"NDVI"
"393",0.8346,2011-01-17,"NDVI"
"394",0.9033,2011-01-25,"NDVI"
"395",0.7649,2011-02-02,"NDVI"
"396",0.8939,2011-02-10,"NDVI"
"397",0.8726,2011-02-18,"NDVI"
"398",0.8416,2011-02-26,"NDVI"
"399",0.8513,2011-03-06,"NDVI"
"400",0.7433,2011-03-14,"NDVI"
"401",0.348,2011-03-22,"NDVI"
"402",0.3782,2011-03-30,"NDVI"
"403",0.2131,2011-04-07,"NDVI"
"404",0.2179,2011-04-15,"NDVI"
"405",0.1748,2011-04-23,"NDVI"
"406",0.1634,2011-05-01,"NDVI"
"407",0.1319,2011-05-09,"NDVI"
"408",0.1424,2011-05-17,"NDVI"
"409",0.1496,2011-05-25,"NDVI"
"410",0.1455,2011-06-02,"NDVI"
"411",0.1665,2011-06-10,"NDVI"
"412",0.1561,2011-06-18,"NDVI"
"413",0.2001,2011-06-26,"NDVI"
"414",0.515,2011-07-04,"NDVI"
"415",0.6799,2011-07-12,"NDVI"
"416",0.818,2011-07-20,"NDVI"
"417",0.905,2011-07-28,"NDVI"
"418",0.3934,2011-08-05,"NDVI"
"419",0.9042,2011-08-13,"NDVI"
"420",0.9053,2011-08-21,"NDVI"
"421",0.9158,2011-08-29,"NDVI"
"422",0.7934,2011-09-06,"NDVI"
"423",0.7431,2011-09-14,"NDVI"
"424",0.678,2011-09-22,"NDVI"
"425",0.7046,2011-09-30,"NDVI"
"426",0.5471,2011-10-08,"NDVI"
"427",0.25,2011-10-16,"NDVI"
"428",0.3179,2011-10-24,"NDVI"
"429",0.172,2011-11-01,"NDVI"
"430",0.1828,2011-11-09,"NDVI"
"431",0.2045,2011-11-17,"NDVI"
"432",0.4602,2011-11-25,"NDVI"
"433",0.5006,2011-12-03,"NDVI"
"434",0.7198,2011-12-11,"NDVI"
"435",0.7198,2011-12-19,"NDVI"
"436",NA,2011-12-27,"NDVI"
"437",0.7807,2012-01-01,"NDVI"
"438",0.8201,2012-01-09,"NDVI"
"439",0.8463,2012-01-17,"NDVI"
"440",0.8709,2012-01-25,"NDVI"
"441",0.8538,2012-02-02,"NDVI"
"442",0.77,2012-02-10,"NDVI"
"443",0.8149,2012-02-18,"NDVI"
"444",0.7751,2012-02-26,"NDVI"
"445",0.7466,2012-03-05,"NDVI"
"446",0.5366,2012-03-13,"NDVI"
"447",0.6303,2012-03-21,"NDVI"
"448",0.3584,2012-03-29,"NDVI"
"449",0.3537,2012-04-06,"NDVI"
"450",0.1947,2012-04-14,"NDVI"
"451",0.2142,2012-04-22,"NDVI"
"452",0.1871,2012-04-30,"NDVI"
"453",0.1574,2012-05-08,"NDVI"
"454",0.1459,2012-05-16,"NDVI"
"455",0.1533,2012-05-24,"NDVI"
"456",0.1383,2012-06-01,"NDVI"
"457",0.1534,2012-06-09,"NDVI"
"458",0.1743,2012-06-17,"NDVI"
"459",0.2231,2012-06-25,"NDVI"
"460",0.5651,2012-07-03,"NDVI"
"461",0.4441,2012-07-11,"NDVI"
"462",0.4834,2012-07-19,"NDVI"
"463",0.6881,2012-07-27,"NDVI"
"464",0.6533,2012-08-04,"NDVI"
"465",0.6036,2012-08-12,"NDVI"
"466",0.8306,2012-08-20,"NDVI"
"467",0.8897,2012-08-28,"NDVI"
"468",0.874,2012-09-05,"NDVI"
"469",0.7773,2012-09-13,"NDVI"
"470",0.7511,2012-09-21,"NDVI"
"471",0.7443,2012-09-29,"NDVI"
"472",0.642,2012-10-07,"NDVI"
"473",0.5373,2012-10-15,"NDVI"
"474",0.279,2012-10-23,"NDVI"
"475",0.2673,2012-10-31,"NDVI"
"476",0.1602,2012-11-08,"NDVI"
"477",0.2262,2012-11-16,"NDVI"
"478",0.3627,2012-11-24,"NDVI"
"479",0.4301,2012-12-02,"NDVI"
"480",0.678,2012-12-10,"NDVI"
"481",0.7348,2012-12-18,"NDVI"
"482",0.7509,2012-12-26,"NDVI"
"483",0.8195,2013-01-01,"NDVI"
"484",0.7509,2013-01-09,"NDVI"
"485",0.8455,2013-01-17,"NDVI"
"486",0.8355,2013-01-25,"NDVI"
"487",0.8657,2013-02-02,"NDVI"
"488",0.8714,2013-02-10,"NDVI"
"489",0.8649,2013-02-18,"NDVI"
"490",0.8922,2013-02-26,"NDVI"
"491",0.7252,2013-03-06,"NDVI"
"492",0.7587,2013-03-14,"NDVI"
"493",0.474,2013-03-22,"NDVI"
"494",0.2524,2013-03-30,"NDVI"
"495",0.2464,2013-04-07,"NDVI"
"496",0.2028,2013-04-15,"NDVI"
"497",0.1764,2013-04-23,"NDVI"
"498",0.1856,2013-05-01,"NDVI"
"499",0.1433,2013-05-09,"NDVI"
"500",0.154,2013-05-17,"NDVI"
"501",0.1557,2013-05-25,"NDVI"
"502",0.1652,2013-06-02,"NDVI"
"503",0.1956,2013-06-10,"NDVI"
"504",0.2116,2013-06-18,"NDVI"
"505",0.2013,2013-06-26,"NDVI"
"506",0.3581,2013-07-04,"NDVI"
"507",0.7832,2013-07-12,"NDVI"
"508",0.8093,2013-07-20,"NDVI"
"509",0.766,2013-08-13,"NDVI"
"510",0.8035,2013-08-29,"NDVI"
"511",0.83,2013-09-06,"NDVI"
"512",0.7542,2013-09-14,"NDVI"
"513",0.7477,2013-09-22,"NDVI"
"514",0.603,2013-09-30,"NDVI"
"515",0.4834,2013-10-08,"NDVI"
"516",0.4758,2013-10-16,"NDVI"
"517",0.1894,2013-10-24,"NDVI"
"518",0.1772,2013-11-01,"NDVI"
"519",0.2197,2013-11-09,"NDVI"
"520",0.4061,2013-11-17,"NDVI"
"521",0.3522,2013-11-25,"NDVI"
"522",0.7194,2013-12-03,"NDVI"
"523",0.7065,2013-12-11,"NDVI"
"524",0.8289,2013-12-19,"NDVI"
"525",0.7629,2013-12-27,"NDVI"
"526",0.7442,2014-01-01,"NDVI"
"527",0.8178,2014-01-09,"NDVI"
"528",0.8681,2014-01-17,"NDVI"
"529",0.8474,2014-01-25,"NDVI"
"530",0.7788,2014-02-02,"NDVI"
"531",0.8707,2014-02-10,"NDVI"
"532",0.8114,2014-02-18,"NDVI"
"533",0.8467,2014-02-26,"NDVI"
"534",0.7242,2014-03-06,"NDVI"
"535",0.7162,2014-03-14,"NDVI"
"536",0.3827,2014-03-22,"NDVI"
"537",0.3537,2014-03-30,"NDVI"
"538",0.1895,2014-04-07,"NDVI"
"539",0.1764,2014-04-15,"NDVI"
"540",0.1764,2014-04-23,"NDVI"
"541",0.1561,2014-05-01,"NDVI"
"542",0.1696,2014-05-09,"NDVI"
"543",0.1514,2014-05-17,"NDVI"
"544",0.1725,2014-05-25,"NDVI"
"545",0.3067,2014-06-02,"NDVI"
"546",0.1939,2014-06-10,"NDVI"
"547",0.2412,2014-06-18,"NDVI"
"548",0.2802,2014-06-26,"NDVI"
"549",0.3337,2014-07-04,"NDVI"
"550",0.6824,2014-07-12,"NDVI"
"551",0.5167,2014-07-20,"NDVI"
"552",0.8917,2014-07-28,"NDVI"
"553",0.8316,2014-08-05,"NDVI"
"554",0.818,2014-08-13,"NDVI"
"555",0.835,2014-08-21,"NDVI"
"556",0.8347,2014-08-29,"NDVI"
"557",0.7651,2014-09-06,"NDVI"
"558",0.735,2014-09-14,"NDVI"
"559",0.7511,2014-09-22,"NDVI"
"560",0.5725,2014-09-30,"NDVI"
"561",0.4245,2014-10-08,"NDVI"
"562",0.2938,2014-10-16,"NDVI"
"563",0.1819,2014-10-24,"NDVI"
"564",0.161,2014-11-01,"NDVI"
"565",0.1892,2014-11-09,"NDVI"
"566",0.3756,2014-11-17,"NDVI"
"567",0.5678,2014-11-25,"NDVI"
"568",0.5977,2014-12-03,"NDVI"
"569",0.7231,2014-12-19,"NDVI"
"570",0.7231,2015-01-01,"NDVI"
"571",0.8026,2015-01-17,"NDVI"
"572",0.8795,2015-02-02,"NDVI"
"573",0.8274,2015-02-18,"NDVI"
"574",0.8362,2015-03-06,"NDVI"
"575",0.6853,2015-03-22,"NDVI"
"576",0.2702,2015-03-30,"NDVI"
"577",0.269,2015-04-07,"NDVI"
"578",0.2077,2015-04-15,"NDVI"
"579",0.2101,2015-04-23,"NDVI"
"580",0.2132,2015-05-01,"NDVI"
"581",0.1716,2015-05-09,"NDVI"
"582",0.1798,2015-05-17,"NDVI"
"583",0.1693,2015-05-25,"NDVI"
"584",0.1896,2015-06-02,"NDVI"
"585",0.1859,2015-06-10,"NDVI"
"586",0.2343,2015-06-18,"NDVI"
"587",0.1613,2015-06-26,"NDVI"
"588",0.2509,2015-07-04,"NDVI"
"589",0.2385,2015-07-12,"NDVI"
"590",0.6996,2015-07-20,"NDVI"
"591",0.7779,2015-07-28,"NDVI"
"592",0.8207,2015-08-05,"NDVI"
"593",0.8069,2015-08-13,"NDVI"
"594",0.8376,2015-08-21,"NDVI"
"595",0.8108,2015-08-29,"NDVI"
"596",0.7954,2015-09-06,"NDVI"
"597",0.7843,2015-09-14,"NDVI"
"598",0.7385,2015-09-22,"NDVI"
"599",0.7611,2015-09-30,"NDVI"
"600",0.6213,2015-10-08,"NDVI"
"601",0.3845,2015-10-16,"NDVI"
"602",0.3093,2015-10-24,"NDVI"
"603",0.229,2015-11-01,"NDVI"
"604",0.174,2015-11-09,"NDVI"
"605",0.2089,2015-11-17,"NDVI"
"606",0.5103,2015-11-25,"NDVI"
"607",0.687,2015-12-03,"NDVI"
"608",0.7442,2015-12-11,"NDVI"
"609",0.7883,2015-12-19,"NDVI"
"610",0.7839,2015-12-27,"NDVI"
"611",0.8234,2016-01-01,"NDVI"
"612",0.796,2016-01-09,"NDVI"
"613",0.7363,2016-01-17,"NDVI"
"614",0.8571,2016-01-25,"NDVI"
"615",0.8635,2016-02-02,"NDVI"
"616",0.575008122546499,2002-07-04,"NDVI Smoothed"
"617",0.610888189586138,2002-07-12,"NDVI Smoothed"
"618",0.649811672586327,2002-07-20,"NDVI Smoothed"
"619",0.688529341833445,2002-07-28,"NDVI Smoothed"
"620",0.723791967613874,2002-08-05,"NDVI Smoothed"
"621",0.751945314284337,2002-08-13,"NDVI Smoothed"
"622",0.767715122482916,2002-08-21,"NDVI Smoothed"
"623",0.765422126918032,2002-08-29,"NDVI Smoothed"
"624",0.739387062298109,2002-09-06,"NDVI Smoothed"
"625",0.683930663331569,2002-09-14,"NDVI Smoothed"
"626",0.597308898498803,2002-09-22,"NDVI Smoothed"
"627",0.493518671368065,2002-09-30,"NDVI Smoothed"
"628",0.390492119279581,2002-10-08,"NDVI Smoothed"
"629",0.306161379573573,2002-10-16,"NDVI Smoothed"
"630",0.258458589590265,2002-10-24,"NDVI Smoothed"
"631",0.260307320576859,2002-11-01,"NDVI Smoothed"
"632",0.303875608378446,2002-11-09,"NDVI Smoothed"
"633",0.376147692249211,2002-11-17,"NDVI Smoothed"
"634",0.464229006290971,2002-11-25,"NDVI Smoothed"
"635",0.555224984605547,2002-12-03,"NDVI Smoothed"
"636",0.638152640588321,2002-12-11,"NDVI Smoothed"
"637",0.709675304808923,2002-12-19,"NDVI Smoothed"
"638",0.768367887130547,2002-12-27,"NDVI Smoothed"
"639",0.797902256355278,2003-01-01,"NDVI Smoothed"
"640",0.832706505533654,2003-01-09,"NDVI Smoothed"
"641",0.850939811203934,2003-01-17,"NDVI Smoothed"
"642",0.851484767439502,2003-01-25,"NDVI Smoothed"
"643",0.834454705154504,2003-02-02,"NDVI Smoothed"
"644",0.800270639473278,2003-02-10,"NDVI Smoothed"
"645",0.74935358552016,2003-02-18,"NDVI Smoothed"
"646",0.682124558419488,2003-02-26,"NDVI Smoothed"
"647",0.600133360794483,2003-03-06,"NDVI Smoothed"
"648",0.509444945263897,2003-03-14,"NDVI Smoothed"
"649",0.41725305194537,2003-03-22,"NDVI Smoothed"
"650",0.330751420956537,2003-03-30,"NDVI Smoothed"
"651",0.257471448494251,2003-04-07,"NDVI Smoothed"
"652",0.202355113628391,2003-04-15,"NDVI Smoothed"
"653",0.165753346929152,2003-04-23,"NDVI Smoothed"
"654",0.14614044139463,2003-05-01,"NDVI Smoothed"
"655",0.141990690022924,2003-05-09,"NDVI Smoothed"
"656",0.15177838581213,2003-05-17,"NDVI Smoothed"
"657",0.174367701822962,2003-05-25,"NDVI Smoothed"
"658",0.21018233136659,2003-06-02,"NDVI Smoothed"
"659",0.260035847816804,2003-06-10,"NDVI Smoothed"
"660",0.324741824547388,2003-06-18,"NDVI Smoothed"
"661",0.40386344709512,2003-06-26,"NDVI Smoothed"
"662",0.491962349648722,2003-07-04,"NDVI Smoothed"
"663",0.58234977855991,2003-07-12,"NDVI Smoothed"
"664",0.668336980180396,2003-07-20,"NDVI Smoothed"
"665",0.743235200861895,2003-07-28,"NDVI Smoothed"
"666",0.800355686956119,2003-08-05,"NDVI Smoothed"
"667",0.833009684814781,2003-08-13,"NDVI Smoothed"
"668",0.836256702511485,2003-08-21,"NDVI Smoothed"
"669",0.812149295007391,2003-08-29,"NDVI Smoothed"
"670",0.764488278985549,2003-09-06,"NDVI Smoothed"
"671",0.697074471129009,2003-09-14,"NDVI Smoothed"
"672",0.613708688120821,2003-09-22,"NDVI Smoothed"
"673",0.519525271879224,2003-09-30,"NDVI Smoothed"
"674",0.42499266526321,2003-10-08,"NDVI Smoothed"
"675",0.341912836366958,2003-10-16,"NDVI Smoothed"
"676",0.282087753284651,2003-10-24,"NDVI Smoothed"
"677",0.257302801080885,2003-11-01,"NDVI Smoothed"
"678",0.275811559489274,2003-11-09,"NDVI Smoothed"
"679",0.32990341004892,2003-11-17,"NDVI Smoothed"
"680",0.40824129432495,2003-11-25,"NDVI Smoothed"
"681",0.499488153882494,2003-12-03,"NDVI Smoothed"
"682",0.59230693028668,2003-12-11,"NDVI Smoothed"
"683",0.676752107889101,2003-12-19,"NDVI Smoothed"
"684",0.748444342187205,2003-12-27,"NDVI Smoothed"
"685",0.785448296925214,2004-01-01,"NDVI Smoothed"
"686",0.830044577506207,2004-01-09,"NDVI Smoothed"
"687",0.854044935278151,2004-01-17,"NDVI Smoothed"
"688",0.855346403298901,2004-01-25,"NDVI Smoothed"
"689",0.83538535372209,2004-02-02,"NDVI Smoothed"
"690",0.796482993475292,2004-02-10,"NDVI Smoothed"
"691",0.740960529486083,2004-02-18,"NDVI Smoothed"
"692",0.671139168682038,2004-02-26,"NDVI Smoothed"
"693",0.590047309209992,2004-03-05,"NDVI Smoothed"
"694",0.503542114093823,2004-03-13,"NDVI Smoothed"
"695",0.418187937576667,2004-03-21,"NDVI Smoothed"
"696",0.340549133901662,2004-03-29,"NDVI Smoothed"
"697",0.277471751826264,2004-04-06,"NDVI Smoothed"
"698",0.233094252889228,2004-04-14,"NDVI Smoothed"
"699",0.205669389492322,2004-04-22,"NDVI Smoothed"
"700",0.19133990519227,2004-04-30,"NDVI Smoothed"
"701",0.186248543545795,2004-05-08,"NDVI Smoothed"
"702",0.186538048109621,2004-05-16,"NDVI Smoothed"
"703",0.190040568374162,2004-05-24,"NDVI Smoothed"
"704",0.201345877564599,2004-06-01,"NDVI Smoothed"
"705",0.226733154839804,2004-06-09,"NDVI Smoothed"
"706",0.272481579358649,2004-06-17,"NDVI Smoothed"
"707",0.342275264552925,2004-06-25,"NDVI Smoothed"
"708",0.429418060946094,2004-07-03,"NDVI Smoothed"
"709",0.52461875333454,2004-07-11,"NDVI Smoothed"
"710",0.618586126514643,2004-07-19,"NDVI Smoothed"
"711",0.702028965282785,2004-07-27,"NDVI Smoothed"
"712",0.766764080107549,2004-08-04,"NDVI Smoothed"
"713",0.809040384146335,2004-08-12,"NDVI Smoothed"
"714",0.82621481622874,2004-08-20,"NDVI Smoothed"
"715",0.815644315184366,2004-08-28,"NDVI Smoothed"
"716",0.774685819842811,2004-09-05,"NDVI Smoothed"
"717",0.703336102896669,2004-09-13,"NDVI Smoothed"
"718",0.612151272490502,2004-09-21,"NDVI Smoothed"
"719",0.514327270631865,2004-09-29,"NDVI Smoothed"
"720",0.423060039328314,2004-10-07,"NDVI Smoothed"
"721",0.351545520587404,2004-10-15,"NDVI Smoothed"
"722",0.310342205596689,2004-10-23,"NDVI Smoothed"
"723",0.299458782263706,2004-10-31,"NDVI Smoothed"
"724",0.316421916166478,2004-11-08,"NDVI Smoothed"
"725",0.358415639175316,2004-11-16,"NDVI Smoothed"
"726",0.422829273630993,2004-11-24,"NDVI Smoothed"
"727",0.505800487702071,2004-12-02,"NDVI Smoothed"
"728",0.598532673881218,2004-12-10,"NDVI Smoothed"
"729",0.690995655742131,2004-12-18,"NDVI Smoothed"
"730",0.773159256858504,2004-12-26,"NDVI Smoothed"
"731",0.821989211075733,2005-01-01,"NDVI Smoothed"
"732",0.864136007075608,2005-01-09,"NDVI Smoothed"
"733",0.881253776432047,2005-01-17,"NDVI Smoothed"
"734",0.876165681992182,2005-01-25,"NDVI Smoothed"
"735",0.851694886603147,2005-02-02,"NDVI Smoothed"
"736",0.810664553112077,2005-02-10,"NDVI Smoothed"
"737",0.75597968554893,2005-02-18,"NDVI Smoothed"
"738",0.690872652674969,2005-02-26,"NDVI Smoothed"
"739",0.618657664434282,2005-03-06,"NDVI Smoothed"
"740",0.542648930770957,2005-03-14,"NDVI Smoothed"
"741",0.466160661629083,2005-03-22,"NDVI Smoothed"
"742",0.392372891909956,2005-03-30,"NDVI Smoothed"
"743",0.324267269213972,2005-04-07,"NDVI Smoothed"
"744",0.263628926241039,2005-04-15,"NDVI Smoothed"
"745",0.21333966825567,2005-04-23,"NDVI Smoothed"
"746",0.175908654945222,2005-05-01,"NDVI Smoothed"
"747",0.153478916700438,2005-05-09,"NDVI Smoothed"
"748",0.146728966725619,2005-05-17,"NDVI Smoothed"
"749",0.155971188928453,2005-05-25,"NDVI Smoothed"
"750",0.18151796721663,2005-06-02,"NDVI Smoothed"
"751",0.223182485002715,2005-06-10,"NDVI Smoothed"
"752",0.27878112371878,2005-06-18,"NDVI Smoothed"
"753",0.345631064301771,2005-06-26,"NDVI Smoothed"
"754",0.421049487688634,2005-07-04,"NDVI Smoothed"
"755",0.502353574816317,2005-07-12,"NDVI Smoothed"
"756",0.586094218693818,2005-07-20,"NDVI Smoothed"
"757",0.665757160618346,2005-07-28,"NDVI Smoothed"
"758",0.73406185395916,2005-08-05,"NDVI Smoothed"
"759",0.78372775208552,2005-08-13,"NDVI Smoothed"
"760",0.807474308366685,2005-08-21,"NDVI Smoothed"
"761",0.800099671278278,2005-08-29,"NDVI Smoothed"
"762",0.764716769721369,2005-09-06,"NDVI Smoothed"
"763",0.706517227703393,2005-09-14,"NDVI Smoothed"
"764",0.630692669231781,2005-09-22,"NDVI Smoothed"
"765",0.54243471831397,2005-09-30,"NDVI Smoothed"
"766",0.447948269256575,2005-10-08,"NDVI Smoothed"
"767",0.357491297562956,2005-10-16,"NDVI Smoothed"
"768",0.282335049035659,2005-10-24,"NDVI Smoothed"
"769",0.233587005872318,2005-11-01,"NDVI Smoothed"
"770",0.223072546240895,2005-11-09,"NDVI Smoothed"
"771",0.257587434701446,2005-11-17,"NDVI Smoothed"
"772",0.327683832620504,2005-11-25,"NDVI Smoothed"
"773",0.419770084477398,2005-12-03,"NDVI Smoothed"
"774",0.520254534751459,2005-12-11,"NDVI Smoothed"
"775",0.615545527922021,2005-12-19,"NDVI Smoothed"
"776",0.694507846114391,2005-12-27,"NDVI Smoothed"
"777",0.73482962012823,2006-01-01,"NDVI Smoothed"
"778",0.785712403017062,2006-01-09,"NDVI Smoothed"
"779",0.820820870464164,2006-01-17,"NDVI Smoothed"
"780",0.841301992824759,2006-01-25,"NDVI Smoothed"
"781",0.847898935312927,2006-02-02,"NDVI Smoothed"
"782",0.839739642578225,2006-02-10,"NDVI Smoothed"
"783",0.815548254129073,2006-02-18,"NDVI Smoothed"
"784",0.774048909473893,2006-02-26,"NDVI Smoothed"
"785",0.713965748121107,2006-03-06,"NDVI Smoothed"
"786",0.635515874668221,2006-03-14,"NDVI Smoothed"
"787",0.544888254069098,2006-03-22,"NDVI Smoothed"
"788",0.449764816366678,2006-03-30,"NDVI Smoothed"
"789",0.358284845210211,2006-04-07,"NDVI Smoothed"
"790",0.277139058206198,2006-04-15,"NDVI Smoothed"
"791",0.213423942437833,2006-04-23,"NDVI Smoothed"
"792",0.169424969260121,2006-05-01,"NDVI Smoothed"
"793",0.146348318290486,2006-05-09,"NDVI Smoothed"
"794",0.145400169146346,2006-05-17,"NDVI Smoothed"
"795",0.167074117765952,2006-05-25,"NDVI Smoothed"
"796",0.209013425370869,2006-06-02,"NDVI Smoothed"
"797",0.268148769503498,2006-06-10,"NDVI Smoothed"
"798",0.341410827706231,2006-06-18,"NDVI Smoothed"
"799",0.425730277521469,2006-06-26,"NDVI Smoothed"
"800",0.517436956517558,2006-07-04,"NDVI Smoothed"
"801",0.610457342366666,2006-07-12,"NDVI Smoothed"
"802",0.698117072766916,2006-07-20,"NDVI Smoothed"
"803",0.773741785416422,2006-07-28,"NDVI Smoothed"
"804",0.830657118013309,2006-08-05,"NDVI Smoothed"
"805",0.863301186736385,2006-08-13,"NDVI Smoothed"
"806",0.870562021687236,2006-08-21,"NDVI Smoothed"
"807",0.852440131448137,2006-08-29,"NDVI Smoothed"
"808",0.808936024601366,2006-09-06,"NDVI Smoothed"
"809",0.740050209729196,2006-09-14,"NDVI Smoothed"
"810",0.648205159495262,2006-09-22,"NDVI Smoothed"
"811",0.545511202888601,2006-09-30,"NDVI Smoothed"
"812",0.446500632979603,2006-10-08,"NDVI Smoothed"
"813",0.365705742838671,2006-10-16,"NDVI Smoothed"
"814",0.317658825536192,2006-10-24,"NDVI Smoothed"
"815",0.312811286323909,2006-11-01,"NDVI Smoothed"
"816",0.344896635229862,2006-11-09,"NDVI Smoothed"
"817",0.403343643561815,2006-11-17,"NDVI Smoothed"
"818",0.477720175099751,2006-11-25,"NDVI Smoothed"
"819",0.557594093623655,2006-12-03,"NDVI Smoothed"
"820",0.633927587201557,2006-12-11,"NDVI Smoothed"
"821",0.703260141053706,2006-12-19,"NDVI Smoothed"
"822",0.763525564688394,2006-12-27,"NDVI Smoothed"
"823",0.795668969707336,2007-01-01,"NDVI Smoothed"
"824",0.836793509830569,2007-01-09,"NDVI Smoothed"
"825",0.863591429309642,2007-01-17,"NDVI Smoothed"
"826",0.874817835722959,2007-01-25,"NDVI Smoothed"
"827",0.869392096262942,2007-02-02,"NDVI Smoothed"
"828",0.846233578122017,2007-02-10,"NDVI Smoothed"
"829",0.804261648492604,2007-02-18,"NDVI Smoothed"
"830",0.743548951484592,2007-02-26,"NDVI Smoothed"
"831",0.668781238877701,2007-03-06,"NDVI Smoothed"
"832",0.586240972356967,2007-03-14,"NDVI Smoothed"
"833",0.500877568027532,2007-03-22,"NDVI Smoothed"
"834",0.418945822582983,2007-03-30,"NDVI Smoothed"
"835",0.345611294346997,2007-04-07,"NDVI Smoothed"
"836",0.283345660149229,2007-04-15,"NDVI Smoothed"
"837",0.233947126445817,2007-04-23,"NDVI Smoothed"
"838",0.199213899692907,2007-05-01,"NDVI Smoothed"
"839",0.180729787535235,2007-05-09,"NDVI Smoothed"
"840",0.179221002371929,2007-05-17,"NDVI Smoothed"
"841",0.195199357790711,2007-05-25,"NDVI Smoothed"
"842",0.229176667379304,2007-06-02,"NDVI Smoothed"
"843",0.281664744725432,2007-06-10,"NDVI Smoothed"
"844",0.351983601172969,2007-06-18,"NDVI Smoothed"
"845",0.434686039090417,2007-06-26,"NDVI Smoothed"
"846",0.523133058602421,2007-07-04,"NDVI Smoothed"
"847",0.610685659833637,2007-07-12,"NDVI Smoothed"
"848",0.690704842908718,2007-07-20,"NDVI Smoothed"
"849",0.757194045740147,2007-07-28,"NDVI Smoothed"
"850",0.806726457391749,2007-08-05,"NDVI Smoothed"
"851",0.836517704715182,2007-08-13,"NDVI Smoothed"
"852",0.843783414562106,2007-08-21,"NDVI Smoothed"
"853",0.825739213784178,2007-08-29,"NDVI Smoothed"
"854",0.781284015110047,2007-09-06,"NDVI Smoothed"
"855",0.716049874776311,2007-09-14,"NDVI Smoothed"
"856",0.637352134896564,2007-09-22,"NDVI Smoothed"
"857",0.552506137584394,2007-09-30,"NDVI Smoothed"
"858",0.468827224953389,2007-10-08,"NDVI Smoothed"
"859",0.393493479616703,2007-10-16,"NDVI Smoothed"
"860",0.333133946185723,2007-10-24,"NDVI Smoothed"
"861",0.294240409771403,2007-11-01,"NDVI Smoothed"
"862",0.283332243020695,2007-11-09,"NDVI Smoothed"
"863",0.307042474542777,2007-11-17,"NDVI Smoothed"
"864",0.368326070209075,2007-11-25,"NDVI Smoothed"
"865",0.456665817200116,2007-12-03,"NDVI Smoothed"
"866",0.558142703110347,2007-12-11,"NDVI Smoothed"
"867",0.658837715534219,2007-12-19,"NDVI Smoothed"
"868",0.744831842066173,2007-12-27,"NDVI Smoothed"
"869",0.785637977302252,2008-01-01,"NDVI Smoothed"
"870",0.8298224504693,2008-01-09,"NDVI Smoothed"
"871",0.851115889754914,2008-01-17,"NDVI Smoothed"
"872",0.853043750184349,2008-01-25,"NDVI Smoothed"
"873",0.839131486782859,2008-02-02,"NDVI Smoothed"
"874",0.812287263683765,2008-02-10,"NDVI Smoothed"
"875",0.772950081452654,2008-02-18,"NDVI Smoothed"
"876",0.720941649763186,2008-02-26,"NDVI Smoothed"
"877",0.656083678289014,2008-03-05,"NDVI Smoothed"
"878",0.578637588977846,2008-03-13,"NDVI Smoothed"
"879",0.489133536566982,2008-03-21,"NDVI Smoothed"
"880",0.395357757117548,2008-03-29,"NDVI Smoothed"
"881",0.30624371543291,2008-04-06,"NDVI Smoothed"
"882",0.230724876316441,2008-04-14,"NDVI Smoothed"
"883",0.175826231339855,2008-04-22,"NDVI Smoothed"
"884",0.140938879148269,2008-04-30,"NDVI Smoothed"
"885",0.123545445155142,2008-05-08,"NDVI Smoothed"
"886",0.121128554773938,2008-05-16,"NDVI Smoothed"
"887",0.131170833418119,2008-05-24,"NDVI Smoothed"
"888",0.151805889834566,2008-06-01,"NDVI Smoothed"
"889",0.183771266103831,2008-06-09,"NDVI Smoothed"
"890",0.228455487639884,2008-06-17,"NDVI Smoothed"
"891",0.287247079856697,2008-06-25,"NDVI Smoothed"
"892",0.361534568168237,2008-07-03,"NDVI Smoothed"
"893",0.450842121415318,2008-07-11,"NDVI Smoothed"
"894",0.547236482146095,2008-07-19,"NDVI Smoothed"
"895",0.640920036335572,2008-07-27,"NDVI Smoothed"
"896",0.722095169958752,2008-08-04,"NDVI Smoothed"
"897",0.780964268990628,2008-08-12,"NDVI Smoothed"
"898",0.807729719406206,2008-08-20,"NDVI Smoothed"
"899",0.795695274461176,2008-08-28,"NDVI Smoothed"
"900",0.750570156533996,2008-09-05,"NDVI Smoothed"
"901",0.681164955283811,2008-09-13,"NDVI Smoothed"
"902",0.596290260369777,2008-09-21,"NDVI Smoothed"
"903",0.504756661451039,2008-09-29,"NDVI Smoothed"
"904",0.415491492871326,2008-10-07,"NDVI Smoothed"
"905",0.337889067712715,2008-10-15,"NDVI Smoothed"
"906",0.281460443741855,2008-10-23,"NDVI Smoothed"
"907",0.255716678725401,2008-10-31,"NDVI Smoothed"
"908",0.270365965590947,2008-11-08,"NDVI Smoothed"
"909",0.330534081962003,2008-11-16,"NDVI Smoothed"
"910",0.424320981176851,2008-11-24,"NDVI Smoothed"
"911",0.535588934832362,2008-12-02,"NDVI Smoothed"
"912",0.648200214525414,2008-12-10,"NDVI Smoothed"
"913",0.746017091852887,2008-12-18,"NDVI Smoothed"
"914",0.816145798042312,2008-12-26,"NDVI Smoothed"
"915",0.850443931416831,2009-01-01,"NDVI Smoothed"
"916",0.874444666958674,2009-01-09,"NDVI Smoothed"
"917",0.876659852529129,2009-01-17,"NDVI Smoothed"
"918",0.86041551750904,2009-01-25,"NDVI Smoothed"
"919",0.828674744693889,2009-02-02,"NDVI Smoothed"
"920",0.782948830537721,2009-02-10,"NDVI Smoothed"
"921",0.724386124909216,2009-02-18,"NDVI Smoothed"
"922",0.654134977677061,2009-02-26,"NDVI Smoothed"
"923",0.573343738709937,2009-03-06,"NDVI Smoothed"
"924",0.484764139629279,2009-03-14,"NDVI Smoothed"
"925",0.394227016667805,2009-03-22,"NDVI Smoothed"
"926",0.310100075347635,2009-03-30,"NDVI Smoothed"
"927",0.240304906565517,2009-04-07,"NDVI Smoothed"
"928",0.19079402954735,2009-04-15,"NDVI Smoothed"
"929",0.159643676835576,2009-04-23,"NDVI Smoothed"
"930",0.142961009301783,2009-05-01,"NDVI Smoothed"
"931",0.136853187817557,2009-05-09,"NDVI Smoothed"
"932",0.137427373254483,2009-05-17,"NDVI Smoothed"
"933",0.142214429397309,2009-05-25,"NDVI Smoothed"
"934",0.154440031683431,2009-06-02,"NDVI Smoothed"
"935",0.178753558463401,2009-06-10,"NDVI Smoothed"
"936",0.219804388087781,2009-06-18,"NDVI Smoothed"
"937",0.282241898907125,2009-06-26,"NDVI Smoothed"
"938",0.368238340709648,2009-07-04,"NDVI Smoothed"
"939",0.470057449034247,2009-07-12,"NDVI Smoothed"
"940",0.577485830857463,2009-07-20,"NDVI Smoothed"
"941",0.680310093155845,2009-07-28,"NDVI Smoothed"
"942",0.768316842905937,2009-08-05,"NDVI Smoothed"
"943",0.831292687084299,2009-08-13,"NDVI Smoothed"
"944",0.861176378637279,2009-08-21,"NDVI Smoothed"
"945",0.858515254390458,2009-08-29,"NDVI Smoothed"
"946",0.826008797139222,2009-09-06,"NDVI Smoothed"
"947",0.766356489678955,2009-09-14,"NDVI Smoothed"
"948",0.682257814805051,2009-09-22,"NDVI Smoothed"
"949",0.578173870938736,2009-09-30,"NDVI Smoothed"
"950",0.465612219004665,2009-10-08,"NDVI Smoothed"
"951",0.357842035553349,2009-10-16,"NDVI Smoothed"
"952",0.268132497135276,2009-10-24,"NDVI Smoothed"
"953",0.209752780300955,2009-11-01,"NDVI Smoothed"
"954",0.192527880953615,2009-11-09,"NDVI Smoothed"
"955",0.212582690485846,2009-11-17,"NDVI Smoothed"
"956",0.262239210742677,2009-11-25,"NDVI Smoothed"
"957",0.334018275015916,2009-12-03,"NDVI Smoothed"
"958",0.420440716597369,2009-12-11,"NDVI Smoothed"
"959",0.514238056093,2009-12-19,"NDVI Smoothed"
"960",0.608984563365438,2009-12-27,"NDVI Smoothed"
"961",0.66592156279291,2010-01-01,"NDVI Smoothed"
"962",0.748954946681254,2010-01-09,"NDVI Smoothed"
"963",0.816623010935447,2010-01-17,"NDVI Smoothed"
"964",0.863272387370887,2010-01-25,"NDVI Smoothed"
"965",0.885496406357458,2010-02-02,"NDVI Smoothed"
"966",0.880450072903655,2010-02-10,"NDVI Smoothed"
"967",0.84528839201798,2010-02-18,"NDVI Smoothed"
"968",0.779334405953954,2010-02-26,"NDVI Smoothed"
"969",0.690583305945227,2010-03-06,"NDVI Smoothed"
"970",0.589198320470482,2010-03-14,"NDVI Smoothed"
"971",0.485872486419416,2010-03-22,"NDVI Smoothed"
"972",0.389643021078907,2010-03-30,"NDVI Smoothed"
"973",0.309242640636819,2010-04-07,"NDVI Smoothed"
"974",0.244965665622173,2010-04-15,"NDVI Smoothed"
"975",0.195132634974073,2010-04-23,"NDVI Smoothed"
"976",0.158064087631624,2010-05-01,"NDVI Smoothed"
"977",0.132080562533922,2010-05-09,"NDVI Smoothed"
"978",0.116220738601872,2010-05-17,"NDVI Smoothed"
"979",0.112395854683591,2010-05-25,"NDVI Smoothed"
"980",0.123235289608996,2010-06-02,"NDVI Smoothed"
"981",0.151368422208008,2010-06-10,"NDVI Smoothed"
"982",0.199424631310545,2010-06-18,"NDVI Smoothed"
"983",0.268428926303049,2010-06-26,"NDVI Smoothed"
"984",0.352988838798091,2010-07-04,"NDVI Smoothed"
"985",0.446107530964757,2010-07-12,"NDVI Smoothed"
"986",0.630033902989315,2010-07-28,"NDVI Smoothed"
"987",0.706847907185394,2010-08-05,"NDVI Smoothed"
"988",0.764233339729454,2010-08-13,"NDVI Smoothed"
"989",0.796498867242578,2010-08-21,"NDVI Smoothed"
"990",0.803175174153769,2010-08-29,"NDVI Smoothed"
"991",0.785098449344022,2010-09-06,"NDVI Smoothed"
"992",0.743104881694334,2010-09-14,"NDVI Smoothed"
"993",0.678030660085692,2010-09-22,"NDVI Smoothed"
"994",0.592806236180752,2010-09-30,"NDVI Smoothed"
"995",0.498739112768818,2010-10-08,"NDVI Smoothed"
"996",0.409231055420832,2010-10-16,"NDVI Smoothed"
"997",0.337683829707757,2010-10-24,"NDVI Smoothed"
"998",0.297499201200551,2010-11-01,"NDVI Smoothed"
"999",0.298314738490709,2010-11-09,"NDVI Smoothed"
"1000",0.334141511114824,2010-11-17,"NDVI Smoothed"
"1001",0.395069968259252,2010-11-25,"NDVI Smoothed"
"1002",0.471294306741519,2010-12-03,"NDVI Smoothed"
"1003",0.55300872337917,2010-12-11,"NDVI Smoothed"
"1004",0.631708505450431,2010-12-19,"NDVI Smoothed"
"1005",0.704093302076341,2010-12-27,"NDVI Smoothed"
"1006",0.745238628168808,2011-01-01,"NDVI Smoothed"
"1007",0.803097525835189,2011-01-09,"NDVI Smoothed"
"1008",0.849393379458281,2011-01-17,"NDVI Smoothed"
"1009",0.881725082963458,2011-01-25,"NDVI Smoothed"
"1010",0.896084147650667,2011-02-02,"NDVI Smoothed"
"1011",0.888060239163499,2011-02-10,"NDVI Smoothed"
"1012",0.853243023145541,2011-02-18,"NDVI Smoothed"
"1013",0.789457099502137,2011-02-26,"NDVI Smoothed"
"1014",0.703466805185655,2011-03-06,"NDVI Smoothed"
"1015",0.604806761374097,2011-03-14,"NDVI Smoothed"
"1016",0.501404131167541,2011-03-22,"NDVI Smoothed"
"1017",0.402748072726,2011-03-30,"NDVI Smoothed"
"1018",0.316407960769095,2011-04-07,"NDVI Smoothed"
"1019",0.24423358403844,2011-04-15,"NDVI Smoothed"
"1020",0.186644834781152,2011-04-23,"NDVI Smoothed"
"1021",0.144061605244337,2011-05-01,"NDVI Smoothed"
"1022",0.116903787675113,2011-05-09,"NDVI Smoothed"
"1023",0.105921889571373,2011-05-17,"NDVI Smoothed"
"1024",0.113188879434129,2011-05-25,"NDVI Smoothed"
"1025",0.141108341015173,2011-06-02,"NDVI Smoothed"
"1026",0.192083858066294,2011-06-10,"NDVI Smoothed"
"1027",0.26851901433929,2011-06-18,"NDVI Smoothed"
"1028",0.3704082113268,2011-06-26,"NDVI Smoothed"
"1029",0.488109121484851,2011-07-04,"NDVI Smoothed"
"1030",0.609570235010311,2011-07-12,"NDVI Smoothed"
"1031",0.722740042100075,2011-07-20,"NDVI Smoothed"
"1032",0.81556703295101,2011-07-28,"NDVI Smoothed"
"1033",0.87826639928433,2011-08-05,"NDVI Smoothed"
"1034",0.910120138918629,2011-08-13,"NDVI Smoothed"
"1035",0.91267695119683,2011-08-21,"NDVI Smoothed"
"1036",0.88748553546186,2011-08-29,"NDVI Smoothed"
"1037",0.836094591056645,2011-09-06,"NDVI Smoothed"
"1038",0.760052817324111,2011-09-14,"NDVI Smoothed"
"1039",0.662863056279588,2011-09-22,"NDVI Smoothed"
"1040",0.555844720627965,2011-09-30,"NDVI Smoothed"
"1041",0.452271365746547,2011-10-08,"NDVI Smoothed"
"1042",0.365416547012633,2011-10-16,"NDVI Smoothed"
"1043",0.308553819803524,2011-10-24,"NDVI Smoothed"
"1044",0.291405728620412,2011-11-01,"NDVI Smoothed"
"1045",0.309663143781506,2011-11-09,"NDVI Smoothed"
"1046",0.35506945975539,2011-11-17,"NDVI Smoothed"
"1047",0.419602057004535,2011-11-25,"NDVI Smoothed"
"1048",0.495228425649658,2011-12-03,"NDVI Smoothed"
"1049",0.574512679949708,2011-12-11,"NDVI Smoothed"
"1050",0.652405430716615,2011-12-19,"NDVI Smoothed"
"1051",0.724453912900572,2011-12-27,"NDVI Smoothed"
"1052",0.764537898092883,2012-01-01,"NDVI Smoothed"
"1053",0.817592530871721,2012-01-09,"NDVI Smoothed"
"1054",0.85311438681183,2012-01-17,"NDVI Smoothed"
"1055",0.867658024512419,2012-01-25,"NDVI Smoothed"
"1056",0.861807297168814,2012-02-02,"NDVI Smoothed"
"1057",0.837153381625367,2012-02-10,"NDVI Smoothed"
"1058",0.795287454726434,2012-02-18,"NDVI Smoothed"
"1059",0.738179533155032,2012-02-26,"NDVI Smoothed"
"1060",0.669314992948873,2012-03-05,"NDVI Smoothed"
"1061",0.592971615426238,2012-03-13,"NDVI Smoothed"
"1062",0.512197455069319,2012-03-21,"NDVI Smoothed"
"1063",0.431239197582425,2012-03-29,"NDVI Smoothed"
"1064",0.353838518146432,2012-04-06,"NDVI Smoothed"
"1065",0.283246929160153,2012-04-14,"NDVI Smoothed"
"1066",0.222593402326907,2012-04-22,"NDVI Smoothed"
"1067",0.17500690935001,2012-04-30,"NDVI Smoothed"
"1068",0.143616421932769,2012-05-08,"NDVI Smoothed"
"1069",0.130783911384435,2012-05-16,"NDVI Smoothed"
"1070",0.135803347437982,2012-05-24,"NDVI Smoothed"
"1071",0.157201699432317,2012-06-01,"NDVI Smoothed"
"1072",0.193505936706351,2012-06-09,"NDVI Smoothed"
"1073",0.243243028598991,2012-06-17,"NDVI Smoothed"
"1074",0.304682495975526,2012-06-25,"NDVI Smoothed"
"1075",0.375064065806799,2012-07-03,"NDVI Smoothed"
"1076",0.451370016590024,2012-07-11,"NDVI Smoothed"
"1077",0.530582626822415,2012-07-19,"NDVI Smoothed"
"1078",0.609684175001201,2012-07-27,"NDVI Smoothed"
"1079",0.685040764593325,2012-08-04,"NDVI Smoothed"
"1080",0.750553798944651,2012-08-12,"NDVI Smoothed"
"1081",0.799508506370769,2012-08-20,"NDVI Smoothed"
"1082",0.825190115187281,2012-08-28,"NDVI Smoothed"
"1083",0.820883853709775,2012-09-05,"NDVI Smoothed"
"1084",0.782739528249058,2012-09-13,"NDVI Smoothed"
"1085",0.718365257096765,2012-09-21,"NDVI Smoothed"
"1086",0.638233736539749,2012-09-29,"NDVI Smoothed"
"1087",0.552817662864868,2012-10-07,"NDVI Smoothed"
"1088",0.472589732358959,2012-10-15,"NDVI Smoothed"
"1089",0.406891997055227,2012-10-23,"NDVI Smoothed"
"1090",0.36054393197227,2012-10-31,"NDVI Smoothed"
"1091",0.337179726811242,2012-11-08,"NDVI Smoothed"
"1092",0.3407463556806,2012-11-16,"NDVI Smoothed"
"1093",0.374748359725788,2012-11-24,"NDVI Smoothed"
"1094",0.44019018582219,2012-12-02,"NDVI Smoothed"
"1095",0.527338745287003,2012-12-10,"NDVI Smoothed"
"1096",0.62377656554786,2012-12-18,"NDVI Smoothed"
"1097",0.717086174032399,2012-12-26,"NDVI Smoothed"
"1098",0.777545605573279,2013-01-01,"NDVI Smoothed"
"1099",0.837831734296434,2013-01-09,"NDVI Smoothed"
"1100",0.874824207015842,2013-01-17,"NDVI Smoothed"
"1101",0.890088156505704,2013-01-25,"NDVI Smoothed"
"1102",0.885188715540223,2013-02-02,"NDVI Smoothed"
"1103",0.861694387147859,2013-02-10,"NDVI Smoothed"
"1104",0.821187155374085,2013-02-18,"NDVI Smoothed"
"1105",0.765252374518636,2013-02-26,"NDVI Smoothed"
"1106",0.695475398881232,2013-03-06,"NDVI Smoothed"
"1107",0.613897863946143,2013-03-14,"NDVI Smoothed"
"1108",0.52207490004722,2013-03-22,"NDVI Smoothed"
"1109",0.426142735832287,2013-03-30,"NDVI Smoothed"
"1110",0.332671914221481,2013-04-07,"NDVI Smoothed"
"1111",0.248232978134941,2013-04-15,"NDVI Smoothed"
"1112",0.179396470492788,2013-04-23,"NDVI Smoothed"
"1113",0.131630578600368,2013-05-01,"NDVI Smoothed"
"1114",0.105994067303858,2013-05-09,"NDVI Smoothed"
"1115",0.102443345834643,2013-05-17,"NDVI Smoothed"
"1116",0.120934823424105,2013-05-25,"NDVI Smoothed"
"1117",0.161424909303631,2013-06-02,"NDVI Smoothed"
"1118",0.222864553375753,2013-06-10,"NDVI Smoothed"
"1119",0.300182868227624,2013-06-18,"NDVI Smoothed"
"1120",0.387303507117536,2013-06-26,"NDVI Smoothed"
"1121",0.47815012330378,2013-07-04,"NDVI Smoothed"
"1122",0.566646370044666,2013-07-12,"NDVI Smoothed"
"1123",0.647268692771544,2013-07-20,"NDVI Smoothed"
"1124",0.810979426796469,2013-08-13,"NDVI Smoothed"
"1125",0.827393783983367,2013-08-29,"NDVI Smoothed"
"1126",0.799504341817911,2013-09-06,"NDVI Smoothed"
"1127",0.743871027542078,2013-09-14,"NDVI Smoothed"
"1128",0.660768460788399,2013-09-22,"NDVI Smoothed"
"1129",0.562608114532798,2013-09-30,"NDVI Smoothed"
"1130",0.464835675087072,2013-10-08,"NDVI Smoothed"
"1131",0.382896828763018,2013-10-16,"NDVI Smoothed"
"1132",0.332237261872414,2013-10-24,"NDVI Smoothed"
"1133",0.324033027343968,2013-11-01,"NDVI Smoothed"
"1134",0.352607180992218,2013-11-09,"NDVI Smoothed"
"1135",0.407447307821587,2013-11-17,"NDVI Smoothed"
"1136",0.478443078675589,2013-11-25,"NDVI Smoothed"
"1137",0.555422379567464,2013-12-03,"NDVI Smoothed"
"1138",0.629595914470303,2013-12-11,"NDVI Smoothed"
"1139",0.697705659196579,2013-12-19,"NDVI Smoothed"
"1140",0.75787640751863,2013-12-27,"NDVI Smoothed"
"1141",0.790618382091207,2014-01-01,"NDVI Smoothed"
"1142",0.833888797973921,2014-01-09,"NDVI Smoothed"
"1143",0.864138389227364,2014-01-17,"NDVI Smoothed"
"1144",0.878694890236886,2014-01-25,"NDVI Smoothed"
"1145",0.874726623510445,2014-02-02,"NDVI Smoothed"
"1146",0.849401911555992,2014-02-10,"NDVI Smoothed"
"1147",0.801288780232103,2014-02-18,"NDVI Smoothed"
"1148",0.734554068799797,2014-02-26,"NDVI Smoothed"
"1149",0.654764319870721,2014-03-06,"NDVI Smoothed"
"1150",0.567950461196115,2014-03-14,"NDVI Smoothed"
"1151",0.478745854572866,2014-03-22,"NDVI Smoothed"
"1152",0.392778671784759,2014-03-30,"NDVI Smoothed"
"1153",0.313724584975535,2014-04-07,"NDVI Smoothed"
"1154",0.24488109219534,2014-04-15,"NDVI Smoothed"
"1155",0.189545691494335,2014-04-23,"NDVI Smoothed"
"1156",0.151015880922679,2014-05-01,"NDVI Smoothed"
"1157",0.131876862259874,2014-05-09,"NDVI Smoothed"
"1158",0.131864652202844,2014-05-17,"NDVI Smoothed"
"1159",0.150002971177858,2014-05-25,"NDVI Smoothed"
"1160",0.185315539611193,2014-06-02,"NDVI Smoothed"
"1161",0.23682607792912,2014-06-10,"NDVI Smoothed"
"1162",0.303023839605723,2014-06-18,"NDVI Smoothed"
"1163",0.380260210306323,2014-06-26,"NDVI Smoothed"
"1164",0.464352108744071,2014-07-04,"NDVI Smoothed"
"1165",0.551116453632101,2014-07-12,"NDVI Smoothed"
"1166",0.636370163683546,2014-07-20,"NDVI Smoothed"
"1167",0.715435053316194,2014-07-28,"NDVI Smoothed"
"1168",0.781652519766362,2014-08-05,"NDVI Smoothed"
"1169",0.827868855975008,2014-08-13,"NDVI Smoothed"
"1170",0.846930354883098,2014-08-21,"NDVI Smoothed"
"1171",0.831683309431589,2014-08-29,"NDVI Smoothed"
"1172",0.778432969853939,2014-09-06,"NDVI Smoothed"
"1173",0.697320415553609,2014-09-14,"NDVI Smoothed"
"1174",0.601945683226543,2014-09-22,"NDVI Smoothed"
"1175",0.505908809568699,2014-09-30,"NDVI Smoothed"
"1176",0.422809831276035,2014-10-08,"NDVI Smoothed"
"1177",0.36377598769383,2014-10-16,"NDVI Smoothed"
"1178",0.330043328764717,2014-10-24,"NDVI Smoothed"
"1179",0.320375107080662,2014-11-01,"NDVI Smoothed"
"1180",0.333660706925068,2014-11-09,"NDVI Smoothed"
"1181",0.368520332861335,2014-11-17,"NDVI Smoothed"
"1182",0.422942380307415,2014-11-25,"NDVI Smoothed"
"1183",0.491763441263324,2014-12-03,"NDVI Smoothed"
"1184",0.648807643231192,2014-12-19,"NDVI Smoothed"
"1185",0.76844306824738,2015-01-01,"NDVI Smoothed"
"1186",0.865453223327343,2015-01-17,"NDVI Smoothed"
"1187",0.874189326014234,2015-02-02,"NDVI Smoothed"
"1188",0.805918988882508,2015-02-18,"NDVI Smoothed"
"1189",0.683681331210902,2015-03-06,"NDVI Smoothed"
"1190",0.530934586743915,2015-03-22,"NDVI Smoothed"
"1191",0.450091649158093,2015-03-30,"NDVI Smoothed"
"1192",0.370954517494013,2015-04-07,"NDVI Smoothed"
"1193",0.297216267595631,2015-04-15,"NDVI Smoothed"
"1194",0.232569975306912,2015-04-23,"NDVI Smoothed"
"1195",0.180708716471802,2015-05-01,"NDVI Smoothed"
"1196",0.144780003675818,2015-05-09,"NDVI Smoothed"
"1197",0.125749096470673,2015-05-17,"NDVI Smoothed"
"1198",0.124035691149631,2015-05-25,"NDVI Smoothed"
"1199",0.140059484005958,2015-06-02,"NDVI Smoothed"
"1200",0.174240171332918,2015-06-10,"NDVI Smoothed"
"1201",0.226332264230407,2015-06-18,"NDVI Smoothed"
"1202",0.293429533024826,2015-06-26,"NDVI Smoothed"
"1203",0.3719605628492,2015-07-04,"NDVI Smoothed"
"1204",0.45835393883657,2015-07-12,"NDVI Smoothed"
"1205",0.54903824611996,2015-07-20,"NDVI Smoothed"
"1206",0.639686646479316,2015-07-28,"NDVI Smoothed"
"1207",0.722950608282241,2015-08-05,"NDVI Smoothed"
"1208",0.790726176543271,2015-08-13,"NDVI Smoothed"
"1209",0.834909396276925,2015-08-21,"NDVI Smoothed"
"1210",0.847396312497726,2015-08-29,"NDVI Smoothed"
"1211",0.823103120584763,2015-09-06,"NDVI Smoothed"
"1212",0.769026617375362,2015-09-14,"NDVI Smoothed"
"1213",0.695183750071417,2015-09-22,"NDVI Smoothed"
"1214",0.611591465874809,2015-09-30,"NDVI Smoothed"
"1215",0.528266711987431,2015-10-08,"NDVI Smoothed"
"1216",0.454516096247422,2015-10-16,"NDVI Smoothed"
"1217",0.396804869037917,2015-10-24,"NDVI Smoothed"
"1218",0.360887941378288,2015-11-01,"NDVI Smoothed"
"1219",0.35255882818047,2015-11-09,"NDVI Smoothed"
"1220",0.377683756448777,2015-11-17,"NDVI Smoothed"
"1221",0.438490084186787,2015-11-25,"NDVI Smoothed"
"1222",0.523694689247855,2015-12-03,"NDVI Smoothed"
"1223",0.618606842852114,2015-12-11,"NDVI Smoothed"
"1224",0.708535816219697,2015-12-19,"NDVI Smoothed"
"1225",0.778790880570753,2015-12-27,"NDVI Smoothed"
"1226",0.807231845620426,2016-01-01,"NDVI Smoothed"
"1227",0.831586145293379,2016-01-09,"NDVI Smoothed"
"1228",0.839629203978057,2016-01-17,"NDVI Smoothed"
"1229",0.842470804325611,2016-01-25,"NDVI Smoothed"
"1230",0.851220728987192,2016-02-02,"NDVI Smoothed"
